Incoming Email,Generated Reply,Reference Reply,Semantic Similarity,ROUGE-L,Overall Score
"
Hello,

I received a damaged laptop today.

Can I replace it?

Thanks.
",We're sorry for the inconvenience. We have initiated a replacement.,"
Dear Customer,

We're sorry to hear that you received a damaged laptop.

We have initiated the replacement process.

Please share your order ID and photographs of the damaged laptop so we can verify the issue.

Once verified, your replacement laptop will be shipped immediately.

We sincerely apologize for the inconvenience.

Best Regards,
Customer Support Team
",48.32,20.9,40.1
